2014-08-27 11:29:31,37,"Female","United States","IL",NA,"No","Yes","Often","6-25","No","Yes","Yes","Not sure","No","Yes","Yes","Somewhat easy","No","No","Some of them","Yes","No","Maybe","Yes","No",NA
2014-08-27 11:29:37,44,"M","United States","IN",NA,"No","No","Rarely","More than 1000","No","No","Don't know","No","Don't know","Don't know","Don't know","Don't know","Maybe","No","No","No","No","No","Don't know","No",NA
2014-08-27 11:29:44,32,"Male","Canada",NA,NA,"No","No","Rarely","6-25","No","Yes","No","No","No","No","Don't know","Somewhat difficult","No","No","Yes","Yes","Yes","Yes","No","No",NA
2014-08-27 11:29:46,31,"Male","United Kingdom",NA,NA,"Yes","Yes","Often","26-100","No","Yes","No","Yes","No","No","No","Somewhat difficult","Yes","Yes","Some of them","No","Maybe","Maybe","No","Yes",NA
2014-08-27 11:30:22,31,"Male","United States","TX",NA,"No","No","Never","100-500","Yes","Yes","Yes","No","Don't know","Don't know","Don't know","Don't know","No","No","Some of them","Yes","Yes","Yes","Don't know","No",NA
2014-08-27 11:31:22,33,"Male","United States","TN",NA,"Yes","No","Sometimes","6-25","No","Yes","Yes","Not sure","No","Don't know","Don't know","Don't know","No","No","Yes","Yes","No","Maybe","Don't know","No",NA
2014-08-27 11:31:50,35,"Female","United States","MI",NA,"Yes","Yes","Sometimes","1-5","Yes","Yes","No","No","No","No","No","Somewhat difficult","Maybe","Maybe","Some of them","No","No","No","Don't know","No",NA
2014-08-27 11:32:05,39,"M","Canada",NA,NA,"No","No","Never","1-5","Yes","Yes","No","Yes","No","No","Yes","Don't know","No","No","No","No","No","No","No","No",NA
2014-08-27 11:32:39,42,"Female","United States","IL",NA,"Yes","Yes","Sometimes","100-500","No","Yes","Yes","Yes","No","No","No","Very difficult","Maybe","No","Yes","Yes","No","Maybe","No","No",NA